Particle_Type_Code,Mixing_rate_rpm,Chitosan_TPP_Ratio_v_v,Chitosan_Concentration_mg_ml,TPP_Concentration_mg_ml,Particle_Diameter_nm
1,250,1.5,0.25,0.25,465.8776
1,250,1.5,0.25,0.5,511.9864
1,250,1.5,0.25,1,514.005
1,250,1.5,0.25,1.25,455.9382
1,250,1.5,0.25,2,482.2905
1,250,1.5,0.25,2.5,541.4143
1,250,1.5,0.25,3,490.1887
1,250,1.5,0.25,3.5,531.4709
1,250,1.5,0.25,4,449.4858
1,250,1.5,0.25,5,454.6764
1,250,1.5,0.25,0.75,517.142
1,250,1.5,0.5,0.25,512.6078
1,250,1.5,0.5,0.5,427.3397
1,250,1.5,0.5,0.75,457.4509
1,250,1.5,0.5,1,482.9453
1,250,1.5,0.5,1.5,454.0678
1,250,1.5,0.5,2,493.0745
1,250,1.5,0.5,3.5,490.8668
1,250,1.5,0.5,4,508.1655
1,250,1.5,0.5,4.5,594.1737
1,250,1.5,0.75,0.25,492.485
1,250,1.5,0.75,0.5,641.0112
1,250,1.5,0.75,0.75,502.6796
1,250,1.5,0.75,1,495.5587
1,250,1.5,0.75,2,534.9981
1,250,1.5,0.75,2.5,470.2394
1,250,1.5,0.75,3,484.786
1,250,1.5,0.75,3.5,619.6193
1,250,1.5,0.75,4,442.1088
1,250,1.5,0.75,4.5,484.8413
1,250,1.5,0.75,5,487.395
1,250,1.5,1,0.25,500.3393
1,250,1.5,1,0.5,608.4317
1,250,1.5,1,0.75,468.3143
1,250,1.5,1,1.25,533.1934
1,250,1.5,1,1.5,487.5921
1,250,1.5,1,2.5,492.1481
1,250,1.5,1,3.5,478.5891
1,250,1.5,1,4,472.1529
1,250,1.5,1,5,510.1773
1,250,1,1.5,0.25,528.3867
1,250,2,1,1,526.5358
1,250,2,2.5,0.5,506.4315
1,500,2,0.25,0.25,647.7425
1,500,1.5,0.25,0.25,588.1474
1,500,1.5,0.25,0.5,594.8303
1,500,1.5,0.25,0.75,599.117
1,500,1.5,0.25,1,596.9388
1,500,1.5,0.25,1.25,607.9808
1,500,1.5,0.25,1.5,601.5576
1,500,1.5,0.25,2,579.4551
1,500,1.5,0.25,2.5,612.6943
1,500,1.5,0.25,3,588.7582
1,500,1.5,0.25,3.5,587.9739
1,500,1.5,0.25,4,579.253
1,500,1.5,0.25,4.5,582.1327
1,500,1.5,0.5,0.25,651.5528
1,500,1.5,0.5,0.5,607.5628
1,500,1.5,0.5,0.75,640.9233
1,500,1.5,0.5,1,623.1681
1,500,1.5,0.5,1.25,610.1126
1,500,1.5,0.5,2,607.1735
1,500,1.5,0.5,3,600.7028
1,500,1.5,0.5,3.5,603.4766
1,500,1.5,0.5,4,594.867
1,500,1.5,0.5,4.5,605.6449
1,500,1.5,0.5,5,572.2162
1,500,1.5,0.75,0.25,697.9443
1,500,1.5,0.75,0.5,591.3738
1,500,1.5,0.75,0.75,584.4912
1,500,1.5,0.75,1,583.0796
1,500,1.5,0.75,1.25,577.3817
1,500,1.5,0.75,2,583.7645
1,500,1.5,0.75,2.5,575.1604
1,500,1.5,0.75,3.5,553.2687
1,500,1.5,0.75,4,608.9508
1,500,1.5,0.75,4.5,581.471
1,500,1.5,0.75,5,552.7175
1,500,1.5,1,0.25,583.7738
1,500,1.5,1,0.5,715.1129
1,500,1.5,1,0.75,616.6498
1,500,1.5,1,1,612.7607
1,500,1.5,1,1.5,624.0728
1,500,1.5,1,2,784.917
1,500,1.5,1,2.5,615.7925
1,500,1.5,1,3,633.4636
1,500,1.5,1,3.5,604.5038
1,500,1.5,1,4,562.5384
1,500,1.5,1,4.5,641.1632
1,500,1.5,1,5,608.2476
1,500,1.5,1.25,0.25,527.7788
1,500,1.5,1.25,1.5,584.2413
1,500,1.5,1.5,0.25,590.2953
1,500,1.5,2,1.5,596.7241
1,500,1.5,2,4.5,564.1721
1,500,1.5,2,5,613.2318
1,500,1.5,2.5,0.25,698.7009
1,500,1.5,2.5,0.75,599.2316
1,500,1.5,2.5,4,585.5054
1,500,1.5,2.5,4.5,582.463
1,500,1.5,2.5,5,565.4632
1,500,1.5,3,0.75,606.5913
1,500,1.5,3,1,546.5014
1,500,1.5,3,3.5,571.6494
1,500,1.5,3.5,1,604.5086
1,500,1.5,3.5,3,611.0133
1,500,1.5,3.5,4,630.6159
1,500,1.5,3.5,5,751.7468
1,500,1.5,4,0.75,569.2601
1,500,1.5,4.5,1.5,600.2451
1,750,1,0.25,0.25,673.3683
1,750,1,0.25,0.5,691.6549
1,750,1,0.25,0.75,637.7152
1,750,1,0.25,1,660.9224
1,750,1,0.25,1.25,672.9142
1,750,1,0.25,1.5,646.6116
1,750,1,0.25,2,691.3456
1,750,1,0.25,2.5,672.8859
1,750,1,0.25,3,655.9974
1,750,1,0.25,3.5,675.6498
1,750,1,0.25,4,674.7711
1,750,1,0.25,4.5,653.2562
1,750,1,0.25,5,663.3117
1,750,1,0.5,0.25,633.5456
1,750,1,0.5,0.5,742.6152
1,750,1,0.5,0.75,647.1168
1,750,1,0.5,1,656.4604
1,750,1,0.5,1.25,654.5659
1,750,1,0.5,1.5,623.2229
1,750,1,0.5,2,689.0514
1,750,1,0.5,2.5,717.4743
1,750,1,0.5,3,660.2039
1,750,1,0.5,3.5,639.959
1,750,1,0.5,4,644.8603
1,750,1,0.5,4.5,649.2255
1,750,1,0.5,5,650.1691
1,750,1,0.75,0.25,632.8059
1,750,1,0.75,0.5,634.512
1,750,1,0.75,0.75,673.2337
1,750,1,0.75,1,639.7098
1,750,1,0.75,1.25,622.6948
1,750,1,0.75,1.5,627.7486
1,750,1,0.75,2,632.1257
1,750,1,0.75,2.5,635.1261
1,750,1,0.75,3,686.3247
1,750,1,0.75,3.5,756.3518
1,750,1,0.75,4,648.6605
1,750,1,0.75,4.5,798.4032
1,750,1,0.75,5,627.1367
1,750,1,1,0.25,638.3086
1,750,1,1,0.5,670.3881
1,750,1,1,0.75,734.6227
1,750,1,1,1,641.9584
1,750,1,1,1.25,628.1025
1,750,1,1,1.5,708.6779
1,750,1,1,2,1018.878
1,750,1,1,2.5,628.5768
1,750,1,1,3,681.8713
1,750,1,1,3.5,669.3524
1,750,1,1,4,630.1708
1,750,1,1,4.5,637.8134
1,750,1,1,5,650.5883
1,750,1,1.25,0.25,1137.263
1,750,1,1.25,0.5,1095.963
1,750,1,1.25,0.75,916.4135
1,750,1,1.25,1,849.5306
1,750,1,1.25,1.25,713.5792
1,750,1,1.25,1.5,669.7996
1,750,1,1.25,2,602.0655
1,750,1,1.25,2.5,670.9604
1,750,1,1.25,3,701.4699
1,750,1,1.25,3.5,681.1113
1,750,1,1.25,4,621.0949
1,750,1,1.25,4.5,643.1199
1,750,1,1.25,5,639.1918
1,750,1,1.5,0.25,658.4007
1,750,1,1.5,0.5,669.5444
1,750,1,1.5,0.75,623.2249
1,750,1,1.5,1,694.1076
1,750,1,1.5,1.25,679.2576
1,750,1,1.5,1.5,701.8077
1,750,1,1.5,2,631.1938
1,750,1,1.5,2.5,698.2861
1,750,1,1.5,3,657.5077
1,750,1,1.5,3.5,687.5417
1,750,1,1.5,4,655.2583
1,750,1,1.5,4.5,657.3452
1,750,1,1.5,5,670.1132
1,750,1,2,0.25,656.4912
1,750,1,2,0.5,655.5702
1,750,1,2,0.75,605.9435
1,750,1,2,1,612.2258
1,750,1,2,1.25,770.7549
1,750,1,2,1.5,645.642
1,750,1,2,2,648.093
1,750,1,2,2.5,675.1885
1,750,1,2,3,668.1128
1,750,1,2,3.5,673.5869
1,750,1,2,4,628.3611
1,750,1,2,4.5,622.7945
1,750,1,2,5,645.6064
1,750,1,5,4,628.4261
0,250,1,0.25,0.25,452.478
0,250,1,0.25,0.5,461.2884
0,250,1,0.25,0.75,489.4832
0,250,1,0.25,1,468.3188
0,250,1,0.25,1.25,494.8308
0,250,1,0.25,1.5,453.3569
0,250,1,0.25,2,457.0593
0,250,1,0.25,2.5,449.8473
0,250,1,0.25,3,453.1743
0,250,1,0.25,3.5,468.257
0,250,1,0.25,4,468.1273
0,250,1,0.25,4.5,459.5141
0,250,1,0.25,5,493.1442
0,250,1,0.5,0.25,470.4768
0,250,1,0.5,0.5,469.2549
0,250,1,0.5,0.75,456.715
0,250,1,0.5,1,486.2563
0,250,1,0.5,1.25,466.7377
0,250,1,0.5,1.5,458.9104
0,250,1,0.5,2,453.2404
0,250,1,0.5,2.5,459.2384
0,250,1,0.5,3,462.7523
0,250,1,0.5,3.5,454.6717
0,250,1,0.5,4,446.7278
0,250,1,0.5,4.5,483.6938
0,250,1,0.5,5,456.58
0,250,1,0.75,0.25,443.7814
0,250,1,0.75,0.5,461.1516
0,250,1,0.75,0.75,459.1347
0,250,1,0.75,1,466.7492
0,250,1,0.75,1.25,499.8273
0,250,1,0.75,1.5,444.8529
0,250,1,0.75,2,503.3932
0,250,1,0.75,2.5,515.8766
0,250,1,0.75,3,451.5217
0,250,1,0.75,3.5,437.8163
0,250,1,0.75,4,461.3658
0,250,1,0.75,4.5,433.9157
0,250,1,0.75,5,490.7128
0,250,1,1,0.25,519.526
0,250,1,1,0.5,464.5703
0,250,1,1,0.75,469.8071
0,250,1,1,1,621.5821
0,250,1,1,1.25,462.4369
0,250,1,1,1.5,459.0939
0,250,1,1,2,511.2889
0,250,1,1,2.5,497.1192
0,250,1,1,3,495.9865
0,250,1,1,3.5,468.0898
0,250,1,1,4,451.8
0,250,1,1,4.5,471.2396
0,250,1,1,5,470.9449
0,250,1,1.25,0.25,488.0413
0,250,1,1.25,0.5,467.8408
0,250,1,1.25,0.75,512.1375
0,250,1,1.25,1,481.095
0,250,1,1.25,1.25,479.4767
0,250,1,1.25,1.5,483.7734
0,250,1,1.25,2,496.8173
0,250,1,1.25,2.5,463.7623
0,250,1,1.25,3,455.6595
0,250,1,1.25,3.5,472.7082
0,250,1,1.25,4,465.8645
0,250,1,1.25,4.5,469.0844
0,250,1,1.25,5,455.3415
0,250,1,1.5,0.25,0
0,250,1,1.5,0.5,459.6994
0,250,1,1.5,0.75,455.6716
0,250,1,1.5,1,481.8583
0,250,1,1.5,1.25,514.5841
0,250,1,1.5,1.5,486.4597
0,250,1,1.5,2,458.7443
0,250,1,1.5,2.5,473.0162
0,250,1,1.5,3,460.3645
0,250,1,1.5,3.5,481.9458
0,250,1,1.5,4,464.8285
0,250,1,1.5,4.5,471.6226
0,250,1,1.5,5,484.5448
0,250,1,2,0.25,448.7321
0,250,1,2,0.5,463.3237
0,250,1,2,0.75,542.267
0,250,1,2,1,506.1662
0,250,1,2,1.25,520.942
0,250,1,2,1.5,558.6803
0,250,1,2,2,502.7381
0,250,1,2,2.5,507.2696
0,250,1,2,3,534.0533
0,250,1,2,3.5,564.6151
0,250,1,2,4,484.6243
0,250,1,2,4.5,467.8026
0,250,1,2,5,501.8981
0,250,1,2.5,0.25,495.8298
0,250,1,2.5,0.5,527.3778
0,250,1,2.5,0.75,483.4157
0,250,1,2.5,1,469.2163
0,250,1,2.5,1.25,500.3255
0,250,1,2.5,1.5,518.2091
0,250,1,2.5,2,483.9848
0,250,1,2.5,2.5,533.5561
0,250,1,2.5,3,510.4097
0,250,1,2.5,3.5,540.6641
0,250,1,2.5,4,530.9502
0,250,1,2.5,4.5,481.9803
0,250,1,2.5,5,479.8248
0,250,1,3,0.25,523.9824
0,250,1,3,0.5,483.7849
0,250,1,3,0.75,614.9744
0,250,1,3,1,493.447
0,250,1,3,1.25,516.3165
0,250,1,3,1.5,495.3059
0,250,1,3,2,501.7903
0,250,1,3,2.5,531.1473
0,250,1,3,3,503.3106
0,250,1,3,3.5,596.8207
0,250,1,3,4,518.6318
0,250,1,3,4.5,542.0554
0,250,1,3,5,509.2883
0,250,1,3.5,0.25,519.075
0,250,1,3.5,0.5,513.5872
0,250,1,3.5,0.75,510.0383
0,250,1,3.5,1,543.0138
0,250,1,3.5,1.25,527.7557
0,250,1,3.5,1.5,511.0132
0,250,1,3.5,2,539.5625
0,250,1,3.5,2.5,503.7152
0,250,1,3.5,3,537.3037
0,250,1,3.5,3.5,531.2138
0,250,1,3.5,4,559.0811
0,250,1,3.5,4.5,528.4585
0,250,1,3.5,5,540.4882
0,250,1,4,0.25,536.3161
0,250,1,4,0.5,562.0536
0,250,1,4,0.75,551.0793
0,250,1,4,1,534.3861
0,250,1,4,1.25,637.0602
0,250,1,4,1.5,684.3411
0,250,1,4,2,660.1377
0,250,1,4,2.5,597.8803
0,250,1,4,3,627.358
0,250,1,4,3.5,593.183
0,250,1,4,4,559.8617
0,250,1,4,4.5,538.8374
0,250,1,4,5,560.0967
0,250,1,4.5,0.25,539.0846
0,250,1,4.5,0.5,513.3203
0,250,1,4.5,0.75,532.2966
0,250,1,4.5,1,559.0973
0,250,1,4.5,1.25,524.754
0,250,1,4.5,1.5,487.6888
0,250,1,4.5,2,525.9824
0,250,1,4.5,2.5,540.7451
0,250,1,4.5,3,469.8131
0,250,1,4.5,3.5,507.8837
0,250,1,4.5,4,547.3441
0,250,1,4.5,4.5,539.7794
0,250,1,4.5,5,501.9689
0,250,1,5,0.25,535.2134
0,250,1,5,0.5,524.9825
0,250,1,5,0.75,474.3312
0,250,1,5,1,484.1809
0,250,1,5,1.25,535.7237
0,250,1,5,1.5,531.2087
0,250,1,5,2,629.4175
0,250,1,5,2.5,626.0146
0,250,1,5,3,630.7209
0,250,1,5,3.5,555.1675
0,250,1,5,4,594.7618
0,250,1,5,4.5,644.7417
0,250,1,5,5,674.6076
0,250,1.5,0.25,0.25,393.593
0,250,1.5,0.25,0.5,393.4545
0,250,1.5,0.25,0.75,400.0827
0,250,1.5,0.25,1,390.3822
0,250,1.5,0.25,1.25,382.5232
0,250,1.5,0.25,1.5,405.3301
0,250,1.5,0.25,2,391.6472
0,250,1.5,0.25,2.5,381.8213
0,250,1.5,0.25,3,395.3589
0,250,1.5,0.25,3.5,379.2407
0,250,1.5,0.25,4,396.3946
0,250,1.5,0.25,4.5,419.8226
0,250,1.5,0.25,5,396.2532
0,250,1.5,0.5,0.25,399.2463
0,250,1.5,0.5,0.5,390.5271
0,250,1.5,0.5,0.75,395.1463
0,250,1.5,0.5,1,399.741
0,250,1.5,0.5,1.25,401.4978
0,250,1.5,0.5,1.5,400.2119
0,250,1.5,0.5,2,399.2329
0,250,1.5,0.5,2.5,404.6243
0,250,1.5,0.5,3,401.0746
0,250,1.5,0.5,3.5,395.4855
0,250,1.5,0.5,4,381.5698
0,250,1.5,0.5,4.5,375.0612
0,250,1.5,0.5,5,408.1486
0,250,1.5,0.75,0.25,395.9099
0,250,1.5,0.75,0.5,386.2645
0,250,1.5,0.75,0.75,395.6645
0,250,1.5,0.75,1,378.9425
0,250,1.5,0.75,1.25,463.3936
0,250,1.5,0.75,1.5,413.7807
0,250,1.5,0.75,2,395.1402
0,250,1.5,0.75,2.5,391.3118
0,250,1.5,0.75,3,378.6065
0,250,1.5,0.75,3.5,379.2589
0,250,1.5,0.75,4,390.011
0,250,1.5,0.75,4.5,380.8931
0,250,1.5,0.75,5,322.394
0,250,1.5,1,0.25,396.1628
0,250,1.5,1,0.5,392.2311
0,250,1.5,1,0.75,374.2313
0,250,1.5,1,1,410.015
0,250,1.5,1,1.25,393.1667
0,250,1.5,1,1.5,383.8877
0,250,1.5,1,2,400.9984
0,250,1.5,1,2.5,385.0974
0,250,1.5,1,3,405.3235
0,250,1.5,1,3.5,397.983
0,250,1.5,1,4,392.0796
0,250,1.5,1,4.5,403.5469
0,250,1.5,1,5,397.75
0,250,1.5,1.25,0.25,489.2367
0,250,1.5,1.25,0.5,483.7134
0,250,1.5,1.25,0.75,445.2276
0,250,1.5,1.25,1,548.6706
0,250,1.5,1.25,1.25,443.7112
0,250,1.5,1.25,1.5,457.7805
0,250,1.5,1.25,2,458.0644
0,250,1.5,1.25,2.5,445.0451
0,250,1.5,1.25,3,490.311
0,250,1.5,1.25,3.5,463.1329
0,250,1.5,1.25,4,450.2039
0,250,1.5,1.25,4.5,452.4442
0,250,1.5,1.25,5,467.3529
0,250,1.5,1.5,0.25,450.5956
0,250,1.5,1.5,0.5,480.5032
0,250,1.5,1.5,0.75,444.817
0,250,1.5,1.5,1,466.2324
0,250,1.5,1.5,1.25,452.3404
0,250,1.5,1.5,1.5,463.6254
0,250,1.5,1.5,2,414.9216
0,250,1.5,1.5,2.5,449.9684
0,250,1.5,1.5,3,446.5714
0,250,1.5,1.5,3.5,458.6765
0,250,1.5,1.5,4,430.1789
0,250,1.5,1.5,4.5,456.5726
0,250,1.5,1.5,5,491.6157
0,250,1.5,2,0.25,461.9104
0,250,1.5,2,0.5,531.1324
0,250,1.5,2,0.75,464.3897
0,250,1.5,2,1,501.9095
0,250,1.5,2,1.25,442.4918
0,250,1.5,2,1.5,464.9698
0,250,1.5,2,2,459.8706
0,250,1.5,2,2.5,454.2026
0,250,1.5,2,3,637.8114
0,250,1.5,2,3.5,456.6834
0,250,1.5,2,4,570.5422
0,250,1.5,2,4.5,486.1616
0,250,1.5,2,5,453.8591
0,250,1.5,2.5,0.25,514.7486
0,250,1.5,2.5,0.5,486.2044
0,250,1.5,2.5,0.75,501.1576
0,250,1.5,2.5,1,508.2755
0,250,1.5,2.5,1.25,498.0864
0,250,1.5,2.5,1.5,459.6009
0,250,1.5,2.5,2,547.2942
0,250,1.5,2.5,2.5,505.5492
0,250,1.5,2.5,3,525.5889
0,250,1.5,2.5,3.5,485.1843
0,250,1.5,2.5,4,488.603
0,250,1.5,2.5,4.5,479.9724
0,250,1.5,2.5,5,500.8628
0,250,1.5,3,0.25,566.1957
0,250,1.5,3,0.5,488.499
0,250,1.5,3,0.75,498.4622
0,250,1.5,3,1,477.0345
0,250,1.5,3,1.25,586.7896
0,250,1.5,3,1.5,475.8036
0,250,1.5,3,2,444.4798
0,250,1.5,3,2.5,508.2191
0,250,1.5,3,3,586.1656
0,250,1.5,3,3.5,507.1371
0,250,1.5,3,4,477.2676
0,250,1.5,3,4.5,461.4499
0,250,1.5,3,5,495.855
0,250,1.5,3.5,0.25,590.6765
0,250,1.5,3.5,0.5,632.4991
0,250,1.5,3.5,0.75,596.7928
0,250,1.5,3.5,1,626.9663
0,250,1.5,3.5,1.25,582.9169
0,250,1.5,3.5,1.5,571.9707
0,250,1.5,3.5,2,654.8449
0,250,1.5,3.5,2.5,604.7684
0,250,1.5,3.5,3,529.9156
0,250,1.5,3.5,3.5,709.7942
0,250,1.5,3.5,4,557.6508
0,250,1.5,3.5,4.5,553.1044
0,250,1.5,3.5,5,637.7036
0,250,1.5,4,0.25,602.9868
0,250,1.5,4,0.5,594.576
0,250,1.5,4,0.75,587.6709
0,250,1.5,4,1,540.4071
0,250,1.5,4,1.25,575.7526
0,250,1.5,4,1.5,570.0397
0,250,1.5,4,2,540.0332
0,250,1.5,4,2.5,588.8296
0,250,1.5,4,3,581.4895
0,250,1.5,4,3.5,587.6658
0,250,1.5,4,4,561.5006
0,250,1.5,4,4.5,577.459
0,250,1.5,4,5,583.7847
0,250,1.5,4.5,0.25,644.5527
0,250,1.5,4.5,0.5,580.6768
0,250,1.5,4.5,0.75,636.5678
0,250,1.5,4.5,1,599.986
0,250,1.5,4.5,1.25,628.1649
0,250,1.5,4.5,1.5,569.979
0,250,1.5,4.5,2,622.3981
0,250,1.5,4.5,2.5,593.8148
0,250,1.5,4.5,3,627.3384
0,250,1.5,4.5,3.5,634.8302
0,250,1.5,4.5,4,612.4819
0,250,1.5,4.5,4.5,616.1861
0,250,1.5,4.5,5,568.3809
0,250,1.5,5,0.25,643.8008
0,250,1.5,5,0.5,664.5541
0,250,1.5,5,0.75,577.6729
0,250,1.5,5,1,632.6017
0,250,1.5,5,1.25,601.4896
0,250,1.5,5,1.5,610.306
0,250,1.5,5,2,614.6491
0,250,1.5,5,2.5,592.6787
0,250,1.5,5,3,596.9984
0,250,1.5,5,3.5,672.6801
0,250,1.5,5,4,639.2547
0,250,1.5,5,4.5,608.2848
0,250,1.5,5,5,608.7167
0,250,2,0.25,0.25,471.6576
0,250,2,0.25,0.5,577.4823
0,250,2,0.25,0.75,462.3911
0,250,2,0.25,1,484.5795
0,250,2,0.25,1.25,500.0991
0,250,2,0.25,1.5,495.3225
0,250,2,0.25,2,458.8872
0,250,2,0.25,2.5,459.721
0,250,2,0.25,3,447.6768
0,250,2,0.25,3.5,457.4033
0,250,2,0.25,4,467.2585
0,250,2,0.25,4.5,455.9575
0,250,2,0.25,5,452.0154
0,250,2,0.5,0.25,459.1389
0,250,2,0.5,0.5,456.8316
0,250,2,0.5,0.75,436.6656
0,250,2,0.5,1,475.394
0,250,2,0.5,1.25,449.2543
0,250,2,0.5,1.5,464.528
0,250,2,0.5,2,450.689
0,250,2,0.5,2.5,475.1524
0,250,2,0.5,3,461.1925
0,250,2,0.5,3.5,454.432
0,250,2,0.5,4,462.4879
0,250,2,0.5,4.5,463.036
0,250,2,0.5,5,437.0222
0,250,2,0.75,0.25,451.1774
0,250,2,0.75,0.5,461.84
0,250,2,0.75,0.75,454.3381
0,250,2,0.75,1,454.2241
0,250,2,0.75,1.25,544.4276
0,250,2,0.75,1.5,457.674
0,250,2,0.75,2,460.2075
0,250,2,0.75,2.5,450.2913
0,250,2,0.75,3,513.5574
0,250,2,0.75,3.5,459.5025
0,250,2,0.75,4,479.5152
0,250,2,0.75,4.5,472.629
0,250,2,0.75,5,455.8624
0,250,2,1,0.25,475.8406
0,250,2,1,0.5,521.9333
0,250,2,1,0.75,607.1383
0,250,2,1,1,0
0,250,2,1,1.25,496.0634
0,250,2,1,1.5,461.985
0,250,2,1,2,472.6983
0,250,2,1,2.5,469.0055
0,250,2,1,3,468.34
0,250,2,1,3.5,468.34
0,250,2,1,4,481.2001
0,250,2,1,4.5,478.7555
0,250,2,1,5,478.0855
0,250,2,1.25,0.25,479.9307
0,250,2,1.25,0.5,459.7171
0,250,2,1.25,0.75,470.5272
0,250,2,1.25,1,453.4786
0,250,2,1.25,1.25,467.2028
0,250,2,1.25,1.5,465.8844
0,250,2,1.25,2,472.7761
0,250,2,1.25,2.5,442.9362
0,250,2,1.25,3,440.4068
0,250,2,1.25,3.5,447.2019
0,250,2,1.25,4,562.1048
0,250,2,1.25,4.5,468.4317
0,250,2,1.25,5,461.1308
0,250,2,1.5,0.25,439.3711
0,250,2,1.5,0.5,458.0583
0,250,2,1.5,0.75,528.808
0,250,2,1.5,1,453.9384
0,250,2,1.5,1.25,459.8443
0,250,2,1.5,1.5,469.2689
0,250,2,1.5,2,515.7444
0,250,2,1.5,2.5,490.0276
0,250,2,1.5,3,523.6331
0,250,2,1.5,3.5,499.111
0,250,2,1.5,4,491.0085
0,250,2,1.5,4.5,481.3111
0,250,2,1.5,5,495.1672
0,250,2,2,0.25,510.0582
0,250,2,2,0.5,457.2282
0,250,2,2,0.75,481.1543
0,250,2,2,1,474.4337
0,250,2,2,1.25,469.8654
0,250,2,2,1.5,504.5416
0,250,2,2,2,513.0409
0,250,2,2,2.5,492.5775
0,250,2,2,3,513.8276
0,250,2,2,3.5,457.9028
0,250,2,2,4,505.4062
0,250,2,2,4.5,509.4325
0,250,2,2,5,497.0206
0,250,2,2.5,0.25,494.2832
0,250,2,2.5,0.5,0
0,250,2,2.5,0.75,488.8506
0,250,2,2.5,1,469.9843
0,250,2,2.5,1.25,463.5579
0,250,2,2.5,1.5,473.3847
0,250,2,2.5,2,481.9535
0,250,2,2.5,2.5,513.5981
0,250,2,2.5,3,491.3034
0,250,2,2.5,3.5,490.4572
0,250,2,2.5,4,449.4178
0,250,2,2.5,4.5,486.5441
0,250,2,2.5,5,492.2723
0,250,2,3,0.25,500.0712
0,250,2,3,0.5,496.3863
0,250,2,3,0.75,465.7288
0,250,2,3,1,528.5018
0,250,2,3,1.25,472.1671
0,250,2,3,1.5,570.1433
0,250,2,3,2,583.2864
0,250,2,3,2.5,507.8642
0,250,2,3,3,481.0904
0,250,2,3,3.5,525.2185
0,250,2,3,4,486.6059
0,250,2,3,4.5,508.5411
0,250,2,3,5,490.9477
0,250,2,3.5,0.25,552.8469
0,250,2,3.5,0.5,519.847
0,250,2,3.5,0.75,507.8792
0,250,2,3.5,1,520.8187
0,250,2,3.5,1.25,505.951
0,250,2,3.5,1.5,541.3778
0,250,2,3.5,2,526.103
0,250,2,3.5,2.5,526.2643
0,250,2,3.5,3,534.7598
0,250,2,3.5,3.5,525.6964
0,250,2,3.5,4,512.988
0,250,2,3.5,4.5,490.1248
0,250,2,3.5,5,543.655
0,250,2,4,0.25,507.2706
0,250,2,4,0.5,553.221
0,250,2,4,0.75,521.3296
0,250,2,4,1,605.9246
0,250,2,4,1.25,582.0764
0,250,2,4,1.5,535.1331
0,250,2,4,2,524.5023
0,250,2,4,2.5,575.4259
0,250,2,4,3,636.8118
0,250,2,4,3.5,518.5073
0,250,2,4,4,520.0449
0,250,2,4,4.5,527.7642
0,250,2,4,5,555.1593
0,250,2,4.5,0.25,555.1242
0,250,2,4.5,0.5,531.1372
0,250,2,4.5,0.75,504.192
0,250,2,4.5,1,544.1121
0,250,2,4.5,1.25,527.0815
0,250,2,4.5,1.5,518.8565
0,250,2,4.5,2,529.5191
0,250,2,4.5,2.5,551.102
0,250,2,4.5,3,515.1268
0,250,2,4.5,3.5,522.9433
0,250,2,4.5,4,509.5542
0,250,2,4.5,4.5,531.4545
0,250,2,4.5,5,503.6147
0,250,2,5,0.25,517.5561
0,250,2,5,0.5,502.988
0,250,2,5,0.75,536.9731
0,250,2,5,1,568.7926
0,250,2,5,1.25,548.8468
0,250,2,5,1.5,492.4629
0,250,2,5,2,537.6235
0,250,2,5,2.5,529.0581
0,250,2,5,3,514.0947
0,250,2,5,3.5,538.3977
0,250,2,5,4,556.5137
0,250,2,5,4.5,491.4577
0,250,2,5,5,544.4219
0,750,1,0.25,0.25,361.5853
0,750,1,0.25,0.5,359.7526
0,750,1,0.25,0.75,353.4781
0,750,1,0.25,1,358.0194
0,750,1,0.25,1.25,362.31
0,750,1,0.25,1.5,354.203
0,750,1,0.25,2,360.9452
0,750,1,0.25,2.5,352.5465
0,750,1,0.25,3,363.2711
0,750,1,0.25,3.5,362.8318
0,750,1,0.25,4,362.5536
0,750,1,0.25,4.5,348.7627
0,750,1,0.25,5,355.2322
0,750,1,0.5,0.25,356.3999
0,750,1,0.5,0.5,363.9065
0,750,1,0.5,0.75,358.8988
0,750,1,0.5,1,359.7023
0,750,1,0.5,1.25,351.9957
0,750,1,0.5,1.5,365.5805
0,750,1,0.5,2,362.888
0,750,1,0.5,2.5,358.2928
0,750,1,0.5,3,360.3989
0,750,1,0.5,3.5,356.3807
0,750,1,0.5,4,351.9436
0,750,1,0.5,4.5,349.6202
0,750,1,0.5,5,355.2412
0,750,1,0.75,0.25,351.6472
0,750,1,0.75,0.5,363.5789
0,750,1,0.75,0.75,364.3578
0,750,1,0.75,1,361.6053
0,750,1,0.75,1.25,362.1618
0,750,1,0.75,1.5,349.5084
0,750,1,0.75,2,359.4054
0,750,1,0.75,2.5,365.4382
0,750,1,0.75,3,351.4753
0,750,1,0.75,3.5,356.9073
0,750,1,0.75,4,364.5965
0,750,1,0.75,4.5,364.6522
0,750,1,0.75,5,344.1338
0,750,1,1,0.25,328.8773
0,750,1,1,0.5,327.9437
0,750,1,1,0.75,330.8718
0,750,1,1,1,326.7308
0,750,1,1,1.25,327.0688
0,750,1,1,1.5,324.0764
0,750,1,1,2,331.6915
0,750,1,1,2.5,329.7361
0,750,1,1,3,332.4539
0,750,1,1,3.5,333.7288
0,750,1,1,4,329.9113
0,750,1,1,4.5,357.8372
0,750,1,1,5,366.0997
0,750,1,1.25,0.25,364.3574
0,750,1,1.25,0.5,353.7863
0,750,1,1.25,0.75,359.4461
0,750,1,1.25,1,356.99
0,750,1,1.25,1.25,338.0022
0,750,1,1.25,1.5,326.0154
0,750,1,1.25,2,360.8226
0,750,1,1.25,2.5,350.7902
0,750,1,1.25,3,363.8509
0,750,1,1.25,3.5,344.146
0,750,1,1.25,4,345.5293
0,750,1,1.25,4.5,369.2422
0,750,1,1.25,5,354.7839
0,750,1,1.5,0.25,366.0666
0,750,1,1.5,0.5,350.3595
0,750,1,1.5,0.75,365.7156
0,750,1,1.5,1,355.822
0,750,1,1.5,1.25,363.5094
0,750,1,1.5,1.5,362.1381
0,750,1,1.5,2,352.8937
0,750,1,1.5,2.5,343.0451
0,750,1,1.5,3,348.9179
0,750,1,1.5,3.5,355.096
0,750,1,1.5,4,360.3131
0,750,1,1.5,4.5,352.1089
0,750,1,1.5,5,355.9469
0,750,1,2,0.25,349.569
0,750,1,2,0.5,359.1444
0,750,1,2,0.75,370.7447
0,750,1,2,1,368.1499
0,750,1,2,1.25,362.305
0,750,1,2,1.5,362.4431
0,750,1,2,2,349.2319
0,750,1,2,2.5,350.8677
0,750,1,2,3,360.209
0,750,1,2,3.5,342.685
0,750,1,2,4,358.6284
0,750,1,2,4.5,367.1936
0,750,1,2,5,347.588
0,750,1,2.5,0.25,490.9857
0,750,1,2.5,0.5,488.7504
0,750,1,2.5,0.75,475.5986
0,750,1,2.5,1,489.799
0,750,1,2.5,1.25,517.6064
0,750,1,2.5,1.5,484.0824
0,750,1,2.5,2,472.4196
0,750,1,2.5,2.5,476.1952
0,750,1,2.5,3,523.0247
0,750,1,2.5,3.5,465.1427
0,750,1,2.5,4,490.6455
0,750,1,2.5,4.5,490.3541
0,750,1,2.5,5,515.2627
0,750,1,3,0.25,489.2441
0,750,1,3,0.5,487.8003
0,750,1,3,0.75,498.747
0,750,1,3,1,461.5007
0,750,1,3,1.25,496.0541
0,750,1,3,1.5,508.9698
0,750,1,3,2,488.3809
0,750,1,3,2.5,475.9163
0,750,1,3,3,476.3872
0,750,1,3,3.5,506.3887
0,750,1,3,4,469.4615
0,750,1,3,4.5,541.0899
0,750,1,3,5,495.8495
0,750,1,3.5,0.25,464.8579
0,750,1,3.5,0.5,474.9697
0,750,1,3.5,0.75,481.7826
0,750,1,3.5,1,471.9307
0,750,1,3.5,1.25,502.772
0,750,1,3.5,1.5,478.9809
0,750,1,3.5,2,474.815
0,750,1,3.5,2.5,489.102
0,750,1,3.5,3,498.7221
0,750,1,3.5,3.5,483.6536
0,750,1,3.5,4,481.8952
0,750,1,3.5,4.5,464.5871
0,750,1,3.5,5,461.1407
0,750,1,4,0.25,484.133
0,750,1,4,0.5,481.4861
0,750,1,4,0.75,476.1289
0,750,1,4,1,468.6608
0,750,1,4,1.25,490.4338
0,750,1,4,1.5,481.2765
0,750,1,4,2,509.0894
0,750,1,4,2.5,492.4743
0,750,1,4,3,488.0415
0,750,1,4,3.5,479.7618
0,750,1,4,4,464.5746
0,750,1,4,4.5,488.6306
0,750,1,4,5,487.7183
0,750,1,4.5,0.25,594.0389
0,750,1,4.5,0.5,690.5042
0,750,1,4.5,0.75,626.9944
0,750,1,4.5,1,624.3768
0,750,1,4.5,1.25,629.0629
0,750,1,4.5,1.5,639.9972
0,750,1,4.5,2,605.485
0,750,1,4.5,2.5,638.6273
0,750,1,4.5,3,645.6137
0,750,1,4.5,3.5,562.3402
0,750,1,4.5,4,625.8627
0,750,1,4.5,4.5,611.543
0,750,1,4.5,5,633.2057
0,750,1,5,0.25,577.8381
0,750,1,5,0.5,541.6744
0,750,1,5,0.75,521.9747
0,750,1,5,1,516.2144
0,750,1,5,1.25,573.7633
0,750,1,5,1.5,652.7131
0,750,1,5,2,498.3573
0,750,1,5,2.5,408.187
0,750,1,5,3,595.6144
0,750,1,5,3.5,588.7137
0,750,1,5,4,366.7313
0,750,1,5,4.5,539.0606
0,750,1,5,5,589.7662
0,750,1.5,0.25,0.25,483.365
0,750,1.5,0.25,0.5,529.0501
0,750,1.5,0.25,0.75,543.372
0,750,1.5,0.25,1,525.2887
0,750,1.5,0.25,1.25,611.6931
0,750,1.5,0.25,1.5,498.8028
0,750,1.5,0.25,2,526.6816
0,750,1.5,0.25,2.5,505.4773
0,750,1.5,0.25,3,616.3384
0,750,1.5,0.25,3.5,602.6891
0,750,1.5,0.25,4,580.0349
0,750,1.5,0.25,4.5,558.5215
0,750,1.5,0.25,5,569.4371
0,750,1.5,0.5,0.25,526.1086
0,750,1.5,0.5,0.5,563.1996
0,750,1.5,0.5,0.75,543.2047
0,750,1.5,0.5,1,623.6107
0,750,1.5,0.5,1.25,557.2806
0,750,1.5,0.5,1.5,515.7244
0,750,1.5,0.5,2,517.6035
0,750,1.5,0.5,2.5,525.6637
0,750,1.5,0.5,3,522.1267
0,750,1.5,0.5,3.5,544.0544
0,750,1.5,0.5,4,539.6653
0,750,1.5,0.5,4.5,511.7912
0,750,1.5,0.5,5,524.211
0,750,1.5,0.75,0.25,568.1143
0,750,1.5,0.75,0.5,548.7071
0,750,1.5,0.75,0.75,524.8078
0,750,1.5,0.75,1,550.0429
0,750,1.5,0.75,1.25,605.7943
0,750,1.5,0.75,1.5,618.1595
0,750,1.5,0.75,2,548.4523
0,750,1.5,0.75,2.5,575.2776
0,750,1.5,0.75,3,529.7336
0,750,1.5,0.75,3.5,613.1707
0,750,1.5,0.75,4,540.2234
0,750,1.5,0.75,4.5,533.5755
0,750,1.5,0.75,5,547.9453
0,750,1.5,1,0.25,540.7164
0,750,1.5,1,0.5,518.6084
0,750,1.5,1,0.75,549.0722
0,750,1.5,1,1,538.3928
0,750,1.5,1,1.25,526.6846
0,750,1.5,1,1.5,566.5947
0,750,1.5,1,2,534.5965
0,750,1.5,1,2.5,484.8175
0,750,1.5,1,3,519.5127
0,750,1.5,1,3.5,508.0517
0,750,1.5,1,4,497.9703
0,750,1.5,1,4.5,517.5447
0,750,1.5,1,5,588.6239
0,750,1.5,1.25,0.25,535.8803
0,750,1.5,1.25,0.5,535.9515
0,750,1.5,1.25,0.75,577.3626
0,750,1.5,1.25,1,551.9181
0,750,1.5,1.25,1.25,510.6581
0,750,1.5,1.25,1.5,510.5434
0,750,1.5,1.25,2,588.5866
0,750,1.5,1.25,2.5,614.9629
0,750,1.5,1.25,3,545.9383
0,750,1.5,1.25,3.5,537.7142
0,750,1.5,1.25,4,545.9083
0,750,1.5,1.25,4.5,521.0617
0,750,1.5,1.25,5,592.3251
0,750,1.5,1.5,0.25,583.422
0,750,1.5,1.5,0.5,520.6946
0,750,1.5,1.5,0.75,565.6875
0,750,1.5,1.5,1,518.3457
0,750,1.5,1.5,1.25,576.5627
0,750,1.5,1.5,1.5,562.8496
0,750,1.5,1.5,2,532.8936
0,750,1.5,1.5,2.5,527.0351
0,750,1.5,1.5,3,550.0908
0,750,1.5,1.5,3.5,570.9423
0,750,1.5,1.5,4,569.7468
0,750,1.5,1.5,4.5,522.3411
0,750,1.5,1.5,5,569.2695
0,750,1.5,2,0.25,582.9381
0,750,1.5,2,0.5,535.2004
0,750,1.5,2,0.75,588.6487
0,750,1.5,2,1,636.1642
0,750,1.5,2,1.25,603.4774
0,750,1.5,2,1.5,569.5065
0,750,1.5,2,2,565.123
0,750,1.5,2,2.5,594.1351
0,750,1.5,2,3,591.3061
0,750,1.5,2,3.5,576.0489
0,750,1.5,2,4,591.1468
0,750,1.5,2,4.5,594.4394
0,750,1.5,2,5,578.7504
0,750,1.5,2.5,0.25,603.0296
0,750,1.5,2.5,0.5,599.6414
0,750,1.5,2.5,0.75,604.1893
0,750,1.5,2.5,1,621.2456
0,750,1.5,2.5,1.25,598.2724
0,750,1.5,2.5,1.5,615.389
0,750,1.5,2.5,2,569.4864
0,750,1.5,2.5,2.5,609.6895
0,750,1.5,2.5,3,613.7992
0,750,1.5,2.5,3.5,614.9731
0,750,1.5,2.5,4,594.5627
0,750,1.5,2.5,4.5,552.1558
0,750,1.5,2.5,5,572.7468
0,750,1.5,3,0.25,534.7736
0,750,1.5,3,0.5,582.2766
0,750,1.5,3,0.75,560.2491
0,750,1.5,3,1,580.8817
0,750,1.5,3,1.25,557.4851
0,750,1.5,3,1.5,616.4782
0,750,1.5,3,2,607.671
0,750,1.5,3,2.5,560.8081
0,750,1.5,3,3,606.0438
0,750,1.5,3,3.5,609.1948
0,750,1.5,3,4,631.5853
0,750,1.5,3,4.5,611.1033
0,750,1.5,3,5,602.1933
0,750,1.5,3.5,0.25,559.3706
0,750,1.5,3.5,0.5,517.1626
0,750,1.5,3.5,0.75,545.1833
0,750,1.5,3.5,1,626.2916
0,750,1.5,3.5,1.25,554.0531
0,750,1.5,3.5,1.5,558.7411
0,750,1.5,3.5,2,578.4817
0,750,1.5,3.5,2.5,609.593
0,750,1.5,3.5,3,601.9951
0,750,1.5,3.5,3.5,604.582
0,750,1.5,3.5,4,621.7401
0,750,1.5,3.5,4.5,549.3804
0,750,1.5,3.5,5,592.8608
0,750,1.5,4,0.25,583.4201
0,750,1.5,4,0.5,549.5806
0,750,1.5,4,0.75,637.6608
0,750,1.5,4,1,609.2422
0,750,1.5,4,1.25,617.6422
0,750,1.5,4,1.5,555.6454
0,750,1.5,4,2,545.1473
0,750,1.5,4,2.5,633.6908
0,750,1.5,4,3,646.7301
0,750,1.5,4,3.5,563.3329
0,750,1.5,4,4,611.4127
0,750,1.5,4,4.5,589.6595
0,750,1.5,4,5,644.4574
0,750,1.5,4.5,0.25,663.1193
0,750,1.5,4.5,0.5,579.8705
0,750,1.5,4.5,0.75,521.6063
0,750,1.5,4.5,1,624.4787
0,750,1.5,4.5,1.25,619.6872
0,750,1.5,4.5,1.5,616.9723
0,750,1.5,4.5,2,636.0001
0,750,1.5,4.5,2.5,628.5834
0,750,1.5,4.5,3,633.9468
0,750,1.5,4.5,3.5,589.7163
0,750,1.5,4.5,4,617.1257
0,750,1.5,4.5,4.5,555.3435
0,750,1.5,4.5,5,599.9087
0,750,1.5,5,0.25,508.923
0,750,1.5,5,0.5,531.2307
0,750,1.5,5,0.75,543.3012
0,750,1.5,5,1,567.6171
0,750,1.5,5,1.25,521.6048
0,750,1.5,5,1.5,515.9983
0,750,1.5,5,2,544.9779
0,750,1.5,5,2.5,535.2951
0,750,1.5,5,3,537.4704
0,750,1.5,5,3.5,517.9208
0,750,1.5,5,4,548.7463
0,750,1.5,5,4.5,525.8634
0,750,1.5,5,5,536.2187
0,750,2,0.25,0.25,546.0482
0,750,2,0.25,0.5,539.5453
0,750,2,0.25,0.75,540.3589
0,750,2,0.25,1,563.2501
0,750,2,0.25,1.25,541.5635
0,750,2,0.25,1.5,553.5564
0,750,2,0.25,2,633.2305
0,750,2,0.25,2.5,574.6916
0,750,2,0.25,3,706.9384
0,750,2,0.25,3.5,574.4276
0,750,2,0.25,4,525.7312
0,750,2,0.25,4.5,594.4272
0,750,2,0.25,5,539.6735
0,750,2,0.5,0.25,559.3479
0,750,2,0.5,0.5,580.1466
0,750,2,0.5,0.75,531.9485
0,750,2,0.5,1,529.8464
0,750,2,0.5,1.25,530.6975
0,750,2,0.5,1.5,548.6335
0,750,2,0.5,2,541.8731
0,750,2,0.5,2.5,627.6465
0,750,2,0.5,3,544.2231
0,750,2,0.5,3.5,534.8411
0,750,2,0.5,4,530.9875
0,750,2,0.5,4.5,546.2577
0,750,2,0.5,5,516.4941
0,750,2,0.75,0.25,532.1965
0,750,2,0.75,0.5,566.0534
0,750,2,0.75,0.75,556.3638
0,750,2,0.75,1,505.5593
0,750,2,0.75,1.25,553.8347
0,750,2,0.75,1.5,484.1586
0,750,2,0.75,2,709.0839
0,750,2,0.75,2.5,490.0328
0,750,2,0.75,3,563.5409
0,750,2,0.75,3.5,484.299
0,750,2,0.75,4,743.1818
0,750,2,0.75,4.5,561.4856
0,750,2,0.75,5,644.0831
0,750,2,1,0.25,543.511
0,750,2,1,0.5,531.7232
0,750,2,1,0.75,550.2624
0,750,2,1,1,558.8732
0,750,2,1,1.25,531.3862
0,750,2,1,1.5,546.6275
0,750,2,1,2,501.7953
0,750,2,1,2.5,533.048
0,750,2,1,3,564.1194
0,750,2,1,3.5,524.0448
0,750,2,1,4,540.6159
0,750,2,1,4.5,592.2088
0,750,2,1,5,557.8818
0,750,2,1.25,0.25,557.851
0,750,2,1.25,0.5,513.0036
0,750,2,1.25,0.75,521.7106
0,750,2,1.25,1,547.9031
0,750,2,1.25,1.25,548.9438
0,750,2,1.25,1.5,540.3397
0,750,2,1.25,2,537.3963
0,750,2,1.25,2.5,513.9182
0,750,2,1.25,3,478.7196
0,750,2,1.25,3.5,509.7909
0,750,2,1.25,4,522.2872
0,750,2,1.25,4.5,517.72
0,750,2,1.25,5,589.7371
0,750,2,1.5,0.25,633.234
0,750,2,1.5,0.5,527.1127
0,750,2,1.5,0.75,494.594
0,750,2,1.5,1,619.1384
0,750,2,1.5,1.25,514.5409
0,750,2,1.5,1.5,524.6002
0,750,2,1.5,2,769.4691
0,750,2,1.5,2.5,563.4796
0,750,2,1.5,3,736.3346
0,750,2,1.5,3.5,542.4646
0,750,2,1.5,4,653.5759
0,750,2,1.5,4.5,582.8212
0,750,2,1.5,5,613.9806
0,750,2,2,0.25,562.547
0,750,2,2,0.5,530.3928
0,750,2,2,0.75,573.6454
0,750,2,2,1,563.9902
0,750,2,2,1.25,598.8376
0,750,2,2,1.5,542.6115
0,750,2,2,2,615.5326
0,750,2,2,2.5,547.9725
0,750,2,2,3,527.4649
0,750,2,2,3.5,549.3926
0,750,2,2,4,568.7798
0,750,2,2,4.5,587.9888
0,750,2,2,5,530.0962
0,750,2,2.5,0.25,548.6682
0,750,2,2.5,0.5,553.1964
0,750,2,2.5,0.75,549.8838
0,750,2,2.5,1,541.2839
0,750,2,2.5,1.25,545.7696
0,750,2,2.5,1.5,554.382
0,750,2,2.5,2,553.3619
0,750,2,2.5,2.5,540.2343
0,750,2,2.5,3,553.4927
0,750,2,2.5,3.5,560.5402
0,750,2,2.5,4,543.8561
0,750,2,2.5,4.5,520.6216
0,750,2,2.5,5,522.3639
0,750,2,3,0.25,535.4658
0,750,2,3,0.5,542.4053
0,750,2,3,0.75,533.5517
0,750,2,3,1,557.6968
0,750,2,3,1.25,532.0683
0,750,2,3,1.5,570.1985
0,750,2,3,2,520.7782
0,750,2,3,2.5,568.3432
0,750,2,3,3,546.9655
0,750,2,3,3.5,541.6249
0,750,2,3,4,622.7629
0,750,2,3,4.5,564.9691
0,750,2,3,5,592.5539
0,750,2,3.5,0.25,571.7433
0,750,2,3.5,0.5,598.5391
0,750,2,3.5,0.75,635.8969
0,750,2,3.5,1,595.2896
0,750,2,3.5,1.25,560.3205
0,750,2,3.5,1.5,548.7355
0,750,2,3.5,2,565.4747
0,750,2,3.5,2.5,574.8708
0,750,2,3.5,3,604.0561
0,750,2,3.5,3.5,566.8441
0,750,2,3.5,4,595.8815
0,750,2,3.5,4.5,562.1094
0,750,2,3.5,5,574.7471
0,750,2,4,0.25,527.1768
0,750,2,4,0.5,637.7517
0,750,2,4,0.75,624.6063
0,750,2,4,1,600.0802
0,750,2,4,1.25,587.2863
0,750,2,4,1.5,609.3862
0,750,2,4,2,565.7043
0,750,2,4,2.5,626.3913
0,750,2,4,3,573.7402
0,750,2,4,3.5,586.6474
0,750,2,4,4,571.0846
0,750,2,4,4.5,567.5196
0,750,2,4,5,631.7557
0,750,2,4.5,0.25,574.9007
0,750,2,4.5,0.5,500.9056
0,750,2,4.5,0.75,626.9422
0,750,2,4.5,1,532.2793
0,750,2,4.5,1.25,566.9525
0,750,2,4.5,1.5,571.0136
0,750,2,4.5,2,607.0259
0,750,2,4.5,2.5,591.4463
0,750,2,4.5,3,538.1333
0,750,2,4.5,3.5,512.1076
0,750,2,4.5,4,611.449
0,750,2,4.5,4.5,621.3132
0,750,2,4.5,5,543.7257
0,750,2,5,0.25,612.9576
0,750,2,5,0.5,589.1064
0,750,2,5,0.75,607.4149
0,750,2,5,1,552.2215
0,750,2,5,1.25,557.8915
0,750,2,5,1.5,600.7959
0,750,2,5,2,540.4563
0,750,2,5,2.5,577.5091
0,750,2,5,3,575.0344
0,750,2,5,3.5,595.5305
0,750,2,5,4,524.3395
0,750,2,5,4.5,609.2276
0,750,2,5,5,592.7815
0,500,1,0.25,0.25,542.2836
0,500,1,0.25,0.5,555.9341
0,500,1,0.25,0.75,559.9594
0,500,1,0.25,1,609.2596
0,500,1,0.25,1.25,577.5868
0,500,1,0.25,1.5,536.0016
0,500,1,0.25,2,546.8108
0,500,1,0.25,2.5,538.4022
0,500,1,0.25,3,543.4436
0,500,1,0.25,3.5,532.5314
0,500,1,0.25,4,591.7283
0,500,1,0.25,4.5,521.998
0,500,1,0.25,5,534.4854
0,500,1,0.5,0.25,544.3541
0,500,1,0.5,0.5,559.4023
0,500,1,0.5,0.75,555.3559
0,500,1,0.5,1,517.6552
0,500,1,0.5,1.25,526.5475
0,500,1,0.5,1.5,539.312
0,500,1,0.5,2,534.2221
0,500,1,0.5,2.5,536.3018
0,500,1,0.5,3,554.9275
0,500,1,0.5,3.5,745.0972
0,500,1,0.5,4,553.4992
0,500,1,0.5,4.5,554.7258
0,500,1,0.5,5,542.6536
0,500,1,0.75,0.25,570.0733
0,500,1,0.75,0.5,556.8662
0,500,1,0.75,0.75,534.7746
0,500,1,0.75,1,509.0559
0,500,1,0.75,1.25,517.651
0,500,1,0.75,1.5,515.5841
0,500,1,0.75,2,643.6898
0,500,1,0.75,2.5,526.6668
0,500,1,0.75,3,527.657
0,500,1,0.75,3.5,585.8264
0,500,1,0.75,4,525.1348
0,500,1,0.75,4.5,519.5504
0,500,1,0.75,5,592.2567
0,500,1,1,0.25,530.6675
0,500,1,1,0.5,565.6275
0,500,1,1,0.75,557.4187
0,500,1,1,1,565.3775
0,500,1,1,1.25,551.1438
0,500,1,1,1.5,628.2938
0,500,1,1,2,578.8098
0,500,1,1,2.5,535.3999
0,500,1,1,3,565.2971
0,500,1,1,3.5,554.6608
0,500,1,1,4,1217.415
0,500,1,1,4.5,514.5991
0,500,1,1,5,539.5779
0,500,1,1.25,0.25,589.9593
0,500,1,1.25,0.5,550.236
0,500,1,1.25,0.75,553.6577
0,500,1,1.25,1,513.3073
0,500,1,1.25,1.25,522.1472
0,500,1,1.25,1.5,519.5826
0,500,1,1.25,2,515.1481
0,500,1,1.25,2.5,530.7304
0,500,1,1.25,3,518.0044
0,500,1,1.25,3.5,553.2981
0,500,1,1.25,4,575.1763
0,500,1,1.25,4.5,577.4094
0,500,1,1.25,5,606.2264
0,500,1,1.5,0.25,557.5046
0,500,1,1.5,0.5,587.6218
0,500,1,1.5,0.75,516.0436
0,500,1,1.5,1,582.6595
0,500,1,1.5,1.25,642.6523
0,500,1,1.5,1.5,557.6632
0,500,1,1.5,2,581.9038
0,500,1,1.5,2.5,556.6784
0,500,1,1.5,3,580.7012
0,500,1,1.5,3.5,545.2586
0,500,1,1.5,4,553.5856
0,500,1,1.5,4.5,612.8235
0,500,1,1.5,5,544.6588
0,500,1,2,0.25,746.7189
0,500,1,2,0.5,582.7175
0,500,1,2,0.75,566.9805
0,500,1,2,1,950.7452
0,500,1,2,1.25,547.8947
0,500,1,2,1.5,648.6248
0,500,1,2,2,552.3583
0,500,1,2,2.5,530.0829
0,500,1,2,3,538.8131
0,500,1,2,3.5,531.233
0,500,1,2,4,613.1287
0,500,1,2,4.5,592.6059
0,500,1,2,5,559.5269
0,500,1,2.5,0.25,559.427
0,500,1,2.5,0.5,519.7819
0,500,1,2.5,0.75,553.5103
0,500,1,2.5,1,555.6555
0,500,1,2.5,1.25,575.4568
0,500,1,2.5,1.5,714.6173
0,500,1,2.5,2,549.2903
0,500,1,2.5,2.5,665.617
0,500,1,2.5,3,541.5051
0,500,1,2.5,3.5,640.7107
0,500,1,2.5,4,637.9096
0,500,1,2.5,4.5,658.7522
0,500,1,2.5,5,774.2788
0,500,1,3,0.25,791.5114
0,500,1,3,0.5,551.9873
0,500,1,3,0.75,635.0658
0,500,1,3,1,652.6074
0,500,1,3,1.25,640.1209
0,500,1,3,1.5,717.2917
0,500,1,3,2,680.3366
0,500,1,3,2.5,637.2742
0,500,1,3,3,684.7734
0,500,1,3,3.5,597.3807
0,500,1,3,4,643.5853
0,500,1,3,4.5,612.3058
0,500,1,3,5,679.9901
0,500,1,3.5,0.25,640.6212
0,500,1,3.5,0.5,557.3845
0,500,1,3.5,0.75,557.8295
0,500,1,3.5,1,593.9666
0,500,1,3.5,1.25,689.7
0,500,1,3.5,1.5,571.1077
0,500,1,3.5,2,553.3039
0,500,1,3.5,2.5,570.0894
0,500,1,3.5,3,539.3522
0,500,1,3.5,3.5,538.913
0,500,1,3.5,4,659.644
0,500,1,3.5,4.5,704.7142
0,500,1,3.5,5,522.2876
0,500,1,4,0.25,554.1655
0,500,1,4,0.5,543.8598
0,500,1,4,0.75,533.4705
0,500,1,4,1,562.0805
0,500,1,4,1.25,528.4076
0,500,1,4,1.5,546.8758
0,500,1,4,2,630.5724
0,500,1,4,2.5,563.2459
0,500,1,4,3,562.2843
0,500,1,4,3.5,544.7321
0,500,1,4,4,532.1459
0,500,1,4,4.5,684.0679
0,500,1,4,5,663.1885
0,500,1,4.5,0.25,627.6552
0,500,1,4.5,0.5,531.3217
0,500,1,4.5,0.75,544.1177
0,500,1,4.5,1,590.7734
0,500,1,4.5,1.25,556.9101
0,500,1,4.5,1.5,628.0053
0,500,1,4.5,2,629.2692
0,500,1,4.5,2.5,549.1413
0,500,1,4.5,3,550.5606
0,500,1,4.5,3.5,675.3804
0,500,1,4.5,4,526.5213
0,500,1,4.5,4.5,591.1009
0,500,1,4.5,5,581.2046
0,500,1,5,0.25,818.5529
0,500,1,5,0.5,554.7832
0,500,1,5,0.75,561.4901
0,500,1,5,1,552.9328
0,500,1,5,1.25,521.1089
0,500,1,5,1.5,532.7994
0,500,1,5,2,580.3887
0,500,1,5,2.5,532.5784
0,500,1,5,3,536.3399
0,500,1,5,3.5,577.1399
0,500,1,5,4,585.1447
0,500,1,5,4.5,515.2938
0,500,1,5,5,528.5336
0,500,1.5,0.25,0.25,385.6958
0,500,1.5,0.25,0.5,387.801
0,500,1.5,0.25,0.75,395.1138
0,500,1.5,0.25,1,374.0483
0,500,1.5,0.25,1.25,373.8214
0,500,1.5,0.25,1.5,373.5205
0,500,1.5,0.25,2,399.1778
0,500,1.5,0.25,2.5,398.6951
0,500,1.5,0.25,3,385.3583
0,500,1.5,0.25,3.5,389.1037
0,500,1.5,0.25,4,397.8052
0,500,1.5,0.25,4.5,377.1984
0,500,1.5,0.25,5,423.5751
0,500,1.5,0.5,0.25,392.2544
0,500,1.5,0.5,0.5,388.594
0,500,1.5,0.5,0.75,386.0444
0,500,1.5,0.5,1,386.061
0,500,1.5,0.5,1.25,371.3939
0,500,1.5,0.5,1.5,422.0545
0,500,1.5,0.5,2,389.3345
0,500,1.5,0.5,2.5,425.4673
0,500,1.5,0.5,3,387.1636
0,500,1.5,0.5,3.5,396.922
0,500,1.5,0.5,4,396.3345
0,500,1.5,0.5,4.5,383.5408
0,500,1.5,0.5,5,384.2219
0,500,1.5,0.75,0.25,394.7717
0,500,1.5,0.75,0.5,377.273
0,500,1.5,0.75,0.75,372.8584
0,500,1.5,0.75,1,396.2494
0,500,1.5,0.75,1.25,373.3444
0,500,1.5,0.75,1.5,404.2383
0,500,1.5,0.75,2,385.677
0,500,1.5,0.75,2.5,398.0813
0,500,1.5,0.75,3,403.3366
0,500,1.5,0.75,3.5,397.3215
0,500,1.5,0.75,4,366.3319
0,500,1.5,0.75,4.5,385.6796
0,500,1.5,0.75,5,392.4689
0,500,1.5,1,0.25,395.6658
0,500,1.5,1,0.5,384.9037
0,500,1.5,1,0.75,377.5262
0,500,1.5,1,1,393.2158
0,500,1.5,1,1.25,409.0327
0,500,1.5,1,1.5,394.1708
0,500,1.5,1,2,388.1523
0,500,1.5,1,2.5,353.0226
0,500,1.5,1,3,384.5566
0,500,1.5,1,3.5,387.355
0,500,1.5,1,4,366.2039
0,500,1.5,1,4.5,395.3637
0,500,1.5,1,5,384.4137
0,500,1.5,1.25,0.25,395.0845
0,500,1.5,1.25,0.5,412.757
0,500,1.5,1.25,0.75,485.599
0,500,1.5,1.25,1,421.2047
0,500,1.5,1.25,1.25,419.3432
0,500,1.5,1.25,1.5,387.3064
0,500,1.5,1.25,2,419.2683
0,500,1.5,1.25,2.5,404.2683
0,500,1.5,1.25,3,447.3894
0,500,1.5,1.25,3.5,431.0488
0,500,1.5,1.25,4,424.7886
0,500,1.5,1.25,4.5,402.8878
0,500,1.5,1.25,5,436.1567
0,500,1.5,1.5,0.25,392.8447
0,500,1.5,1.5,0.5,421.6944
0,500,1.5,1.5,0.75,415.004
0,500,1.5,1.5,1,423.6927
0,500,1.5,1.5,1.25,416.0409
0,500,1.5,1.5,1.5,423.1918
0,500,1.5,1.5,2,424.4811
0,500,1.5,1.5,2.5,426.8788
0,500,1.5,1.5,3,426.9898
0,500,1.5,1.5,3.5,428.2179
0,500,1.5,1.5,4,404.9976
0,500,1.5,1.5,4.5,422.9791
0,500,1.5,1.5,5,427.7774
0,500,1.5,2,0.25,400.6189
0,500,1.5,2,0.5,412.592
0,500,1.5,2,0.75,431.9512
0,500,1.5,2,1,459.3479
0,500,1.5,2,1.25,424.445
0,500,1.5,2,1.5,391.7756
0,500,1.5,2,2,426.5549
0,500,1.5,2,2.5,403.4711
0,500,1.5,2,3,432.1675
0,500,1.5,2,3.5,408.6875
0,500,1.5,2,4,426.3699
0,500,1.5,2,4.5,386.9937
0,500,1.5,2,5,386.2057
0,500,1.5,2.5,0.25,398.4407
0,500,1.5,2.5,0.5,408.0066
0,500,1.5,2.5,0.75,377.9083
0,500,1.5,2.5,1,413.2072
0,500,1.5,2.5,1.25,423.2732
0,500,1.5,2.5,1.5,426.6304
0,500,1.5,2.5,2,447.8593
0,500,1.5,2.5,2.5,448.73
0,500,1.5,2.5,3,425.6783
0,500,1.5,2.5,3.5,402.7434
0,500,1.5,2.5,4,381.8062
0,500,1.5,2.5,4.5,376.4104
0,500,1.5,2.5,5,397.3363
0,500,1.5,3,0.25,425.1081
0,500,1.5,3,0.5,410.7177
0,500,1.5,3,0.75,382.7531
0,500,1.5,3,1,382.3562
0,500,1.5,3,1.25,422.4549
0,500,1.5,3,1.5,432.3596
0,500,1.5,3,2,428.619
0,500,1.5,3,2.5,413.1066
0,500,1.5,3,3,411.7061
0,500,1.5,3,3.5,393.3538
0,500,1.5,3,4,403.1612
0,500,1.5,3,4.5,417.6375
0,500,1.5,3,5,431.4028
0,500,1.5,3.5,0.25,405.5257
0,500,1.5,3.5,0.5,408.7876
0,500,1.5,3.5,0.75,426.8038
0,500,1.5,3.5,1,385.9035
0,500,1.5,3.5,1.25,406.2669
0,500,1.5,3.5,1.5,413.8676
0,500,1.5,3.5,2,431.4762
0,500,1.5,3.5,2.5,420.235
0,500,1.5,3.5,3,384.1652
0,500,1.5,3.5,3.5,427.9775
0,500,1.5,3.5,4,395.3529
0,500,1.5,3.5,4.5,407.3468
0,500,1.5,3.5,5,397.0138
0,500,1.5,4,0.25,425.312
0,500,1.5,4,0.5,470.4921
0,500,1.5,4,0.75,381.0455
0,500,1.5,4,1,432.0593
0,500,1.5,4,1.25,442.6458
0,500,1.5,4,1.5,452.9781
0,500,1.5,4,2,445.9232
0,500,1.5,4,2.5,435.4605
0,500,1.5,4,3,431.9231
0,500,1.5,4,3.5,420.1693
0,500,1.5,4,4,446.0181
0,500,1.5,4,4.5,436.3297
0,500,1.5,4,5,436.0482
0,500,1.5,4.5,0.25,451.8767
0,500,1.5,4.5,0.5,454.0854
0,500,1.5,4.5,0.75,435.4497
0,500,1.5,4.5,1,423.6972
0,500,1.5,4.5,1.25,402.9616
0,500,1.5,4.5,1.5,400.0649
0,500,1.5,4.5,2,502.4476
0,500,1.5,4.5,2.5,512.5951
0,500,1.5,4.5,3,510.216
0,500,1.5,4.5,3.5,513.2152
0,500,1.5,4.5,4,559.3911
0,500,1.5,4.5,4.5,518.3607
0,500,1.5,4.5,5,618.4066
0,500,1.5,5,0.25,516.2623
0,500,1.5,5,0.5,478.3742
0,500,1.5,5,0.75,474.2232
0,500,1.5,5,1,475.6539
0,500,1.5,5,1.25,476.1158
0,500,1.5,5,1.5,465.3689
0,500,1.5,5,2,505.6916
0,500,1.5,5,2.5,538.5886
0,500,1.5,5,3,512.1461
0,500,1.5,5,3.5,511.1021
0,500,1.5,5,4,515.8442
0,500,1.5,5,4.5,509.9156
0,500,1.5,5,5,499.4757
0,500,2,0.25,0.25,0
0,500,2,0.25,0.5,514.6476
0,500,2,0.25,0.75,497.1067
0,500,2,0.25,1,509.2599
0,500,2,0.25,1.25,482.6833
0,500,2,0.25,1.5,456.1509
0,500,2,0.25,2,440.8997
0,500,2,0.25,2.5,435.1551
0,500,2,0.25,3,427.5899
0,500,2,0.25,3.5,428.7398
0,500,2,0.25,4,442.1773
0,500,2,0.25,4.5,435.9571
0,500,2,0.25,5,430.54
0,500,2,0.5,0.25,439.6876
0,500,2,0.5,0.5,449.2961
0,500,2,0.5,0.75,493.7919
0,500,2,0.5,1,536.1687
0,500,2,0.5,1.25,481.3216
0,500,2,0.5,1.5,520.8148
0,500,2,0.5,2,489.7202
0,500,2,0.5,2.5,519.2719
0,500,2,0.5,3,501.9859
0,500,2,0.5,3.5,528.6953
0,500,2,0.5,4,564.9191
0,500,2,0.5,4.5,554.8113
0,500,2,0.5,5,527.865
0,500,2,0.75,0.25,535.4511
0,500,2,0.75,0.5,508.7973
0,500,2,0.75,0.75,527.7731
0,500,2,0.75,1,548.6728
0,500,2,0.75,1.25,527.0932
0,500,2,0.75,1.5,543.8524
0,500,2,0.75,2,538.5865
0,500,2,0.75,2.5,538.8882
0,500,2,0.75,3,463.234
0,500,2,0.75,3.5,475.8864
0,500,2,0.75,4,550.3186
0,500,2,0.75,4.5,460.0096
0,500,2,0.75,5,460.0096
0,500,2,1,0.25,467.3612
0,500,2,1,0.5,450.9906
0,500,2,1,0.75,466.263
0,500,2,1,1,482.451
0,500,2,1,1.25,464.189
0,500,2,1,1.5,549.1792
0,500,2,1,2,453.3094
0,500,2,1,2.5,592.5193
0,500,2,1,3,459.7314
0,500,2,1,3.5,561.0905
0,500,2,1,4,482.7224
0,500,2,1,4.5,463.9024
0,500,2,1,5,446.4341
0,500,2,1.25,0.25,454.2804
0,500,2,1.25,0.5,482.8776
0,500,2,1.25,0.75,431.4847
0,500,2,1.25,1,439.0125
0,500,2,1.25,1.25,435.2557
0,500,2,1.25,1.5,454.6729
0,500,2,1.25,2,448.12
0,500,2,1.25,2.5,463.6432
0,500,2,1.25,3,447.8781
0,500,2,1.25,3.5,458.6041
0,500,2,1.25,4,450.5036
0,500,2,1.25,4.5,449.0795
0,500,2,1.25,5,432.1942
0,500,2,1.5,0.25,449.4393
0,500,2,1.5,0.5,448.0926
0,500,2,1.5,0.75,446.7771
0,500,2,1.5,1,447.2407
0,500,2,1.5,1.25,446.4215
0,500,2,1.5,1.5,452.1323
0,500,2,1.5,2,443.8247
0,500,2,1.5,2.5,456.7918
0,500,2,1.5,3,451.0003
0,500,2,1.5,3.5,461.839
0,500,2,1.5,4,451.4913
0,500,2,1.5,4.5,469.8361
0,500,2,1.5,5,454.0286
0,500,2,2,0.25,454.5082
0,500,2,2,0.5,482.64
0,500,2,2,0.75,445.6019
0,500,2,2,1,434.9303
0,500,2,2,1.25,453.7383
0,500,2,2,1.5,436.1967
0,500,2,2,2,411.9645
0,500,2,2,2.5,463.0703
0,500,2,2,3,452.3704
0,500,2,2,3.5,447.0068
0,500,2,2,4,461.4845
0,500,2,2,4.5,435.2778
0,500,2,2,5,456.9034
0,500,2,2.5,0.25,451.8812
0,500,2,2.5,0.5,463.6989
0,500,2,2.5,0.75,459.5266
0,500,2,2.5,1,450.9875
0,500,2,2.5,1.25,429.3611
0,500,2,2.5,1.5,464.7537
0,500,2,2.5,2,464.7855
0,500,2,2.5,2.5,437.5633
0,500,2,2.5,3,452.1978
0,500,2,2.5,3.5,463.6146
0,500,2,2.5,4,448.8419
0,500,2,2.5,4.5,452.9152
0,500,2,2.5,5,464.8983
0,500,2,3,0.25,457.7432
0,500,2,3,0.5,447.2335
0,500,2,3,0.75,459.364
0,500,2,3,1,460.2199
0,500,2,3,1.25,447.4788
0,500,2,3,1.5,453.5462
0,500,2,3,2,461.1602
0,500,2,3,2.5,450.6948
0,500,2,3,3,435.6751
0,500,2,3,3.5,443.5324
0,500,2,3,4,462.179
0,500,2,3,4.5,452.9675
0,500,2,3,5,456.3389
0,500,2,3.5,0.25,421.3942
0,500,2,3.5,0.5,488.8552
0,500,2,3.5,0.75,467.6835
0,500,2,3.5,1,470.7846
0,500,2,3.5,1.25,490.1645
0,500,2,3.5,1.5,481.6365
0,500,2,3.5,2,460.9098
0,500,2,3.5,2.5,472.4731
0,500,2,3.5,3,472.0488
0,500,2,3.5,3.5,436.4273
0,500,2,3.5,4,488.9613
0,500,2,3.5,4.5,438.3418
0,500,2,3.5,5,460.005
0,500,2,4,0.25,438.147
0,500,2,4,0.5,455.0995
0,500,2,4,0.75,461.8062
0,500,2,4,1,468.1076
0,500,2,4,1.25,468.0106
0,500,2,4,1.5,462.0051
0,500,2,4,2,462.424
0,500,2,4,2.5,454.558
0,500,2,4,3,453.2682
0,500,2,4,3.5,454.0766
0,500,2,4,4,455.5112
0,500,2,4,4.5,449.3594
0,500,2,4,5,435.2357
0,500,2,4.5,0.25,450.128
0,500,2,4.5,0.5,461.6125
0,500,2,4.5,0.75,458.7926
0,500,2,4.5,1,462.318
0,500,2,4.5,1.25,447.4888
0,500,2,4.5,1.5,465.7308
0,500,2,4.5,2,627.7238
0,500,2,4.5,2.5,528.0277
0,500,2,4.5,3,465.1229
0,500,2,4.5,3.5,449.7975
0,500,2,4.5,4,487.9518
0,500,2,4.5,4.5,440.9199
0,500,2,4.5,5,446.0481
0,500,2,5,0.25,436.2444
0,500,2,5,0.5,448.2829
0,500,2,5,0.75,456.6614
0,500,2,5,1,445.9925
0,500,2,5,1.25,440.0121
0,500,2,5,1.5,463.6314
0,500,2,5,2,462.938
0,500,2,5,2.5,474.4868
0,500,2,5,3,460.0917
0,500,2,5,3.5,416.6311
0,500,2,5,4,460.0027
0,500,2,5,4.5,516.952
0,500,2,5,5,452.0056
